{
  "view/App.view.xml": 1686053194769,
  "Component.js": 1686053194765,
  "model/models.js": 1686053194769,
  "controller/mainView.controller.js": 1686053194769,
  "controller/App.controller.js": 1686053194769,
  "manifest.json": 1687116915306,
  "Component-preload.js": 1687116915454,
  "controller/mainView-dbg.controller.js": 1686053194769,
  "model/models-dbg.js": 1686053194769,
  "controller/App-dbg.controller.js": 1686053194769,
  "Component-dbg.js": 1686053194765,
  "view/mainView.view.xml": 1686053876696,
  "i18n/i18n.properties": 1686053194769,
  "css/style.css": 1686053194769,
  "index.html": 1686053194769
}